"4"|"1986-04-11"|"raju@gmail.com"|"raju"|"reddy"|"9854261456"|"1111"
"1"|"1990-04-11"|"vamsi@gmail.com"|"vamsi"|"krishna"|"9854261463"|"2222"
"4"|"1985-03-14"|"naveen@gmail.com"|"naveen"|"reddy"|"9854261496"|"3333"
"4"|"1985-09-21"|"raghava@gmail.com"|"raghava"|"rao"|"9854261412"|"4444"
"4"|"1992-10-11"|"harsha@gmail.com"|"harsha"|"vardhan"|"9854261445"|"5555"
|"2019-09-24"|"vamsi@gmail.com"||||
|"2019-09-24"|"vamsi@gmail.com"||||
|"2019-09-24"|"vamsi@gmail.com"||||
|"2019-09-24"|"vamsi@gmail.com"||||
|"2019-09-24"|"vamsi@gmail.com"||||
